,image_name,category,subcategory
0,image_659698_product_822774.jpg,PlayStation,Jeux PS1
1,image_54547530_product_929584.jpg,PC Gaming,Jeux PC
2,image_62369530_product_2242928.jpg,SEGA,Autres
3,image_283812671_product_15511645.jpg,PlayStation,Jeux PS2
4,image_848934197_product_80184781.jpg,Nintendo,Jeux Game Boy
5,image_873763964_product_119565640.jpg,PC Gaming,Jeux PC
6,image_874714971_product_1766378.jpg,PC Gaming,Jeux PC
7,image_874726355_product_50692880.jpg,Xbox,Jeux Xbox 360
8,image_874729653_product_65150348.jpg,Nintendo,Jeux Nintendo Wii
9,image_583198100_product_54284822.jpg,PlayStation,Jeux PSP
10,image_652832876_product_53217499.jpg,Nintendo,Jeux Game Boy Advance
11,image_909691819_product_154047460.jpg,Nintendo,Jeux Nintendo DS
12,image_933235167_product_190091612.jpg,PC Gaming,Jeux PC
13,image_933245076_product_190101189.jpg,PC Gaming,Jeux PC
14,image_874731282_product_76560739.jpg,PlayStation,Jeux PS2
15,image_891725998_product_138459977.jpg,PlayStation,Jeux PSP
16,image_891732671_product_138460493.jpg,PlayStation,Jeux PS3
17,image_891740976_product_138463871.jpg,Nintendo,Jeux Nintendo DS
18,image_892937913_product_124679036.jpg,PC Gaming,Jeux PC
19,image_896432874_product_142698225.jpg,SEGA,Saturn
20,image_902210668_product_147298882.jpg,Nintendo,Jeux Nintendo 3DS
21,image_906099813_product_149145060.jpg,PlayStation,Jeux PSVITA
22,image_933248348_product_190101877.jpg,Nintendo,Jeux Nintendo DS
23,image_933447173_product_190543353.jpg,PC Gaming,Jeux PC
24,image_937776943_product_192607595.jpg,PC Gaming,Jeux PC
25,image_955850685_product_1297834.jpg,Xbox,Jeux Xbox Classic
26,image_1186985707_product_3040901566.jpg,PlayStation,Jeux PS2
27,image_1211700782_product_3250210074.jpg,Nintendo,Jeux Nintendo Switch
28,image_874731199_product_74093483.jpg,PlayStation,Jeux PS3
29,image_874731370_product_49948298.jpg,Nintendo,Jeux Game Boy Advance
30,image_881487935_product_126111824.jpg,Nintendo,Jeux Nintendo DS
31,image_1068342_product_3108655.jpg,Nintendo,Jeux Game Boy Advance
32,image_77378530_product_1511251.jpg,SEGA,MEGA DRIVE
33,image_689615053_product_56875966.jpg,PlayStation,Jeux PS1
34,image_834625716_product_2922066.jpg,Nintendo,Jeux Super Nintendo
35,image_858267336_product_80597800.jpg,PlayStation,Jeux PS3
36,image_873981549_product_119753971.jpg,PC Gaming,Jeux PC
37,image_874237655_product_119941493.jpg,PC Gaming,Jeux PC
38,image_874728237_product_60669170.jpg,Nintendo,Jeux Nintendo Wii
39,image_874728837_product_97517744.jpg,PC Gaming,Jeux PC
40,image_891725942_product_138457978.jpg,Nintendo,Jeux Nintendo DS
41,image_891729814_product_138460774.jpg,PlayStation,Jeux PS3
42,image_891744268_product_138466610.jpg,Xbox,Jeux Xbox 360
43,image_922355701_product_164676664.jpg,PC Gaming,Jeux PC
44,image_933248181_product_190101470.jpg,PC Gaming,Jeux PC
45,image_933266207_product_190122195.jpg,Nintendo,Jeux Nintendo Wii
46,image_936900015_product_130415468.jpg,PlayStation,Jeux PS3
47,image_946272989_product_54242252.jpg,PlayStation,Jeux PS2
48,image_947128283_product_97662640.jpg,Xbox,Jeux Xbox 360
49,image_983165270_product_272078964.jpg,PlayStation,Jeux PS3
50,image_985456723_product_288040998.jpg,Xbox,Jeux Xbox 360
51,image_1025231310_product_436182917.jpg,PC Gaming,Jeux PC
52,image_1041748138_product_832656848.jpg,PlayStation,Jeux PS3
53,image_1075005845_product_1139865005.jpg,PC Gaming,Jeux PC
54,image_1123495532_product_1936795860.jpg,PlayStation,Jeux PS4
55,image_1143577545_product_2467914465.jpg,PlayStation,Jeux PS4
56,image_1149450149_product_2036108212.jpg,PlayStation,Jeux PS4
57,image_1302204660_product_4154117441.jpg,VTECH,Jeux V.SMILE
58,image_892937966_product_126159434.jpg,PC Gaming,Jeux PC
59,image_901097569_product_144610449.jpg,PC Gaming,Jeux PC
60,image_933233801_product_190091338.jpg,PC Gaming,Jeux PC
61,image_1041335988_product_825941638.jpg,PC Gaming,Jeux PC
62,image_1121512302_product_2032256097.jpg,Autre,Multi-plateformes
63,image_1241398257_product_3756587883.jpg,PlayStation,Jeux PS4
64,image_729787_product_1069161.jpg,Xbox,Jeux Xbox Classic
65,image_251865378_product_7980077.jpg,PlayStation,Jeux PS2
66,image_334877360_product_47896567.jpg,Nintendo,Jeux Game Boy Advance
67,image_874730026_product_46615098.jpg,PC Gaming,Jeux PC
68,image_891741366_product_138468949.jpg,PlayStation,Jeux PS2
69,image_933234195_product_190091494.jpg,PC Gaming,Jeux PC
70,image_937192623_product_197450909.jpg,PC Gaming,Jeux PC
71,image_946263596_product_53568396.jpg,PlayStation,Jeux PS3
72,image_1044577992_product_861269059.jpg,Nintendo,Jeux Nintendo DS
73,image_1053519738_product_1033730640.jpg,PlayStation,Jeux PS2
74,image_1073717173_product_1324193385.jpg,Xbox,Jeux Xbox 360
75,image_1130418886_product_2184281904.jpg,PlayStation,Jeux PS4
76,image_1195977838_product_3179266037.jpg,Xbox,Jeux Xbox One
77,image_933237084_product_190093399.jpg,PC Gaming,Jeux PC
78,image_936523476_product_89819109.jpg,Autre,Leapfrog
79,image_970625645_product_259377999.jpg,Nintendo,SNES
80,image_1068227670_product_1190608934.jpg,Nintendo,Jeux Nintendo Wii U
81,image_1100066181_product_1711734926.jpg,PC Gaming,Jeux PC
82,image_1100077949_product_1711736055.jpg,PC Gaming,Jeux PC
83,image_1100081813_product_1711736882.jpg,PC Gaming,Jeux PC
84,image_1108365016_product_1875756839.jpg,PC Gaming,Jeux PC
85,image_1108365346_product_1875804585.jpg,Outlier,Non pertinent
86,image_1108738856_product_1878218295.jpg,PC Gaming,Jeux PC
87,image_1146083530_product_2151614761.jpg,Xbox,Jeux Xbox One
88,image_1159838467_product_2720289758.jpg,Nintendo,Jeux Nintendo DS
89,image_1246419210_product_3797495566.jpg,PC Gaming,Jeux PC
90,image_1268904663_product_3947920720.jpg,PC Gaming,Jeux PC
91,image_1053259382_product_1028931562.jpg,PC Gaming,Jeux PC
92,image_1100062722_product_1711729209.jpg,PC Gaming,Jeux PC
93,image_1100066237_product_1711735656.jpg,PC Gaming,Jeux PC
94,image_1100066292_product_1711728922.jpg,PC Gaming,Jeux PC
95,image_1100066842_product_1711728920.jpg,PC Gaming,Jeux PC
96,image_1100069166_product_1711734525.jpg,PC Gaming,Jeux PC
97,image_1100071411_product_1711730412.jpg,PC Gaming,Jeux PC
98,image_1100073107_product_1711735590.jpg,PC Gaming,Jeux PC
99,image_1100077047_product_1711736577.jpg,PC Gaming,Jeux PC
100,image_1100081021_product_1711736636.jpg,PC Gaming,Jeux PC
101,image_1100081308_product_1711735062.jpg,PC Gaming,Jeux PC
102,image_1100082443_product_1711730037.jpg,Nintendo,Gamecube
103,image_1108316109_product_1874931038.jpg,Mobile Gaming,Jeux Android
104,image_1108365418_product_1875756849.jpg,PC Gaming,Jeux PC
105,image_1108365425_product_1875804608.jpg,PC Gaming,Jeux PC
106,image_1108738842_product_1878218230.jpg,PC Gaming,Jeux PC
107,image_1132983863_product_2240360521.jpg,PC Gaming,Jeux PC Mac
108,image_1160912325_product_2726077368.jpg,PC Gaming,Jeux PC
109,image_1187911797_product_3058415833.jpg,PC Gaming,Jeux PC
110,image_1215651393_product_3471354509.jpg,Outlier,Autre categorie
111,image_1225786777_product_3592267416.jpg,PC Gaming,Jeux PC
112,image_1236934770_product_3716121141.jpg,Autre,Combo
113,image_1236935361_product_3716121933.jpg,Autre,Combo
114,image_1315355210_product_4205293139.jpg,Nintendo,Jeux Nintendo Wii
115,image_927527365_product_180498882.jpg,PlayStation,Jeux PS2
116,image_971767481_product_263291107.jpg,Xbox,Jeux Xbox 360
0,image_300773669_product_2532960.jpg,PC Gaming,Jeux PC
1,image_347816633_product_48336271.jpg,PC Gaming,Jeux PC
2,image_476581624_product_2990280.jpg,PC Gaming,Jeux PC
3,image_857279564_product_2922637.jpg,Nintendo,Jeux Super Nintendo
4,image_874538275_product_105665622.jpg,Nintendo,Jeux Nintendo DS
5,image_874728473_product_82088950.jpg,PlayStation,Jeux PS3
6,image_821752779_product_62539070.jpg,PlayStation,Jeux PS2
7,image_933236823_product_190093231.jpg,PC Gaming,Jeux PC
8,image_874729700_product_51838314.jpg,PlayStation,Jeux PS2
9,image_874730352_product_82272428.jpg,PC Gaming,Jeux PC
10,image_874730967_product_71079705.jpg,Nintendo,Jeux Nintendo Wii
11,image_891738274_product_138465060.jpg,Nintendo,Jeux Nintendo DS
12,image_891745568_product_138468817.jpg,PlayStation,Jeux PS2
13,image_909281199_product_153775881.jpg,Nintendo,Jeux Nintendo DS
14,image_933251899_product_190104382.jpg,Nintendo,Jeux Nintendo Wii
15,image_933255053_product_190108376.jpg,PC Gaming,Jeux PC
16,image_933255934_product_190109589.jpg,PC Gaming,Jeux PC
17,image_933256325_product_190109294.jpg,PC Gaming,Jeux PC
18,image_933263084_product_190111725.jpg,PlayStation,Jeux PS3
19,image_941711858_product_6438248.jpg,PlayStation,Jeux PS2
20,image_957950713_product_223928273.jpg,Nintendo,Jeux Nintendo 3DS
21,image_958112438_product_226639108.jpg,Xbox,Jeux Xbox 360
22,image_963227279_product_190092264.jpg,Xbox,Jeux Xbox 360
23,image_963491300_product_243842296.jpg,PlayStation,Jeux PS3
24,image_973166956_product_49843653.jpg,Nintendo,Jeux Nintendo DS
25,image_987178672_product_293733323.jpg,Xbox,Jeux Xbox One
26,image_1004469307_product_299520596.jpg,PlayStation,Jeux PS3
27,image_1027961004_product_578256383.jpg,PlayStation,Jeux PS4
28,image_1077931399_product_1029033291.jpg,Nintendo,Jeux Nintendo Wii U
29,image_1116698200_product_1963983036.jpg,PC Gaming,Jeux PC
30,image_874730792_product_49132716.jpg,Nintendo,Jeux Game Boy Advance
31,image_891708180_product_81114643.jpg,Xbox,Jeux Xbox 360
32,image_659788_product_1018391.jpg,PlayStation,Jeux PS1
33,image_30320630_product_1663769.jpg,PC Gaming,Jeux PC
34,image_62364030_product_1559752.jpg,SEGA,MEGA DRIVE
35,image_134067230_product_2920625.jpg,Nintendo,Jeux Game Boy Advance
36,image_438013740_product_48575623.jpg,Xbox,Jeux Xbox Classic
37,image_622938810_product_1172613.jpg,PC Gaming,Jeux PC
38,image_848934236_product_80184839.jpg,PC Gaming,Jeux PC
39,image_848934532_product_80185024.jpg,Nintendo,Jeux Game Boy
40,image_852972374_product_80220190.jpg,PC Gaming,Jeux PC
41,image_871216205_product_115839088.jpg,PlayStation,Jeux PS2
42,image_874537621_product_107645356.jpg,Xbox,Jeux Xbox 360
43,image_874729026_product_77765803.jpg,PlayStation,Jeux PSP
44,image_891739856_product_138463294.jpg,Nintendo,Jeux Nintendo DS
45,image_891743753_product_138468520.jpg,Xbox,Jeux Xbox Classic
46,image_897494766_product_143510140.jpg,PlayStation,Jeux PS2
47,image_909972848_product_154090380.jpg,PlayStation,Jeux PS1
48,image_933234253_product_190091483.jpg,PlayStation,Jeux PS3
49,image_933240999_product_190099957.jpg,PC Gaming,Jeux PC
50,image_933244426_product_190100552.jpg,PC Gaming,Jeux PC
51,image_933252797_product_190105847.jpg,Xbox,Jeux Xbox 360
52,image_933256073_product_190109266.jpg,PC Gaming,Jeux PC
53,image_933258353_product_190109959.jpg,PC Gaming,Jeux PC
54,image_947328613_product_97070180.jpg,Nintendo,Jeux Nintendo Wii
55,image_958498859_product_228094884.jpg,Nintendo,Jeux Nintendo DS
56,image_1000493202_product_353771692.jpg,PlayStation,Jeux PSVITA
57,image_1027953365_product_301940235.jpg,Xbox,Jeux Xbox One
58,image_1158045210_product_2694313750.jpg,Xbox,Jeux Xbox 360
59,image_1178140299_product_2807747392.jpg,Nintendo,Jeux Nintendo Switch
60,image_1285449640_product_4042892616.jpg,PlayStation,Jeux PS4
61,image_909281142_product_153775792.jpg,PlayStation,Jeux PS3
62,image_933684149_product_190994440.jpg,PC Gaming,Jeux PC
63,image_973933825_product_242869160.jpg,PC Gaming,Jeux PC
64,image_1068150012_product_1132613553.jpg,PlayStation,Jeux PS4
65,image_79506330_product_2628871.jpg,SEGA,Genesis
66,image_319050191_product_46845576.jpg,PlayStation,Jeux PSP
67,image_689649164_product_184794.jpg,PlayStation,Jeux PS1
68,image_854179052_product_85756666.jpg,PC Gaming,Jeux PC
69,image_858283719_product_92572816.jpg,Outlier,Non pertinent
70,image_862620327_product_102967842.jpg,Nintendo,Jeux Nintendo Wii
71,image_933253436_product_190106777.jpg,PC Gaming,Jeux PC
72,image_962075798_product_46899777.jpg,SEGA,Dreamcast
73,image_1041415174_product_826453416.jpg,PlayStation,Jeux PS3
74,image_1142916338_product_3910575.jpg,Nintendo,Jeux Game Boy Advance
75,image_1268084489_product_3906702928.jpg,PlayStation,Jeux PS4
76,image_328927145_product_927741.jpg,PC Gaming,Jeux PC
77,image_849650304_product_81124208.jpg,PC Gaming,Jeux PC
78,image_958935293_product_228092929.jpg,Autre,Accessoire
79,image_971348084_product_261788917.jpg,Nintendo,SNES
80,image_1100059985_product_1711729477.jpg,PC Gaming,Jeux PC
81,image_1100083267_product_1711729062.jpg,PC Gaming,Jeux PC
82,image_1159838466_product_2720289759.jpg,Nintendo,Jeux Nintendo DS
83,image_1176898982_product_2964292933.jpg,Autre,Autres
84,image_1139162966_product_2379124886.jpg,Nintendo,Jeux Nintendo DS
85,image_1058972548_product_1089685811.jpg,PC Gaming,Jeux PC
86,image_1100064150_product_1711734470.jpg,PC Gaming,Jeux PC
87,image_1100065101_product_1711733299.jpg,PC Gaming,Jeux PC
88,image_1100065729_product_1711730415.jpg,Autre,multi-plateformes
89,image_1100065974_product_1711736557.jpg,PC Gaming,Jeux PC
90,image_1100068625_product_1711735034.jpg,PC Gaming,Jeux PC
91,image_1100070218_product_1711734642.jpg,PC Gaming,Jeux PC
92,image_1100076669_product_1711736594.jpg,PC Gaming,Jeux PC
93,image_1100077520_product_1711736784.jpg,PC Gaming,Jeux PC
94,image_1100077574_product_1711735833.jpg,PC Gaming,Jeux PC
95,image_1100081963_product_1711731563.jpg,PC Gaming,Jeux PC
96,image_1100085244_product_1711736828.jpg,Outlier,Autre categorie
97,image_1100086947_product_1711736338.jpg,PC Gaming,Jeux PC
98,image_1102674938_product_1805032545.jpg,PC Gaming,Jeux PC
99,image_1108215009_product_1871867473.jpg,PC Gaming,Jeux PC
100,image_1108737984_product_1878218298.jpg,PC Gaming,Jeux PC
101,image_1110810102_product_1904422813.jpg,PC Gaming,Jeux PC
102,image_1132983627_product_2240360476.jpg,PC Gaming,Jeux PC
103,image_1133950997_product_2034871712.jpg,PC Gaming,Jeux PC
104,image_1141465108_product_2432859218.jpg,PC Gaming,Jeux PC
105,image_1168313731_product_2856775404.jpg,PC Gaming,Jeux PC
106,image_1176954743_product_2965041516.jpg,PC Gaming,Jeux PC
107,image_1183024584_product_3010870346.jpg,PC Gaming,Jeux PC
108,image_1196604463_product_3108206564.jpg,PC Gaming,Jeux PC
109,image_1199617908_product_3233258914.jpg,Nintendo,Jeux Nintendo Wii U
110,image_1234808632_product_3690853420.jpg,Nintendo,Gamecube
111,image_1236934944_product_3716121425.jpg,PlayStation,Jeux PS2
112,image_1280048988_product_4042765839.jpg,Autre,Coffret
113,image_476359610_product_1853453.jpg,Autre,Combo
114,image_846909214_product_76281501.jpg,Autre,Combo
115,image_971371809_product_262041682.jpg,SEGA,Saturn
116,image_973125188_product_267898588.jpg,PlayStation,Jeux PS3
0,image_308038846_product_1607404.jpg,Nintendo,Jeux Game Boy Advance
1,image_867095986_product_55556886.jpg,PlayStation,Jeux PSP
2,image_874538053_product_111847660.jpg,Nintendo,Jeux Nintendo DS
3,image_874727878_product_90062129.jpg,Nintendo,Jeux Nintendo DS
4,image_874728161_product_82614930.jpg,PC Gaming,Jeux PC
5,image_716950448_product_7490474.jpg,PlayStation,Jeux PS1
6,image_846014108_product_75096137.jpg,PC Gaming,Jeux PC
7,image_933238947_product_190096182.jpg,PC Gaming,Jeux PC
8,image_933240320_product_190095037.jpg,Nintendo,Jeux Nintendo DS
9,image_874731286_product_46704360.jpg,Nintendo,Jeux Game Boy Advance
10,image_891223536_product_131597581.jpg,PlayStation,Jeux PS2
11,image_891736821_product_138464231.jpg,Nintendo,Jeux Nintendo DS
12,image_933251978_product_190103729.jpg,Nintendo,Jeux Nintendo Wii
13,image_933257534_product_190108918.jpg,PC Gaming,Jeux PC
14,image_933257981_product_190108812.jpg,PC Gaming,Jeux PC
15,image_933263666_product_190112670.jpg,PlayStation,Jeux PS3
16,image_935314259_product_194452799.jpg,PC Gaming,Jeux PC
17,image_975796552_product_258341670.jpg,PlayStation,Jeux PS3
18,image_985456698_product_290210516.jpg,PlayStation,Jeux PS3
19,image_999810411_product_301235593.jpg,PlayStation,Jeux PS3
20,image_1016066453_product_493545596.jpg,PlayStation,Jeux PS3
21,image_1032783160_product_630642988.jpg,Nintendo,Jeux Nintendo Wii
22,image_1053085531_product_1022623650.jpg,Nintendo,Jeux Super Nintendo
23,image_1062523736_product_301815907.jpg,Xbox,Jeux Xbox 360
24,image_1096911277_product_1638225913.jpg,PlayStation,Jeux PS4
25,image_1098376627_product_1684789300.jpg,Xbox,Jeux Xbox One
26,image_1123660911_product_2060555800.jpg,PlayStation,Jeux PS4
27,image_1148926787_product_2550005949.jpg,PlayStation,Jeux PS4
28,image_1233470015_product_3626367914.jpg,Nintendo,Jeux Nintendo Switch
29,image_1234513943_product_3684576397.jpg,Xbox,Jeux Xbox One
30,image_874729307_product_74244625.jpg,PC Gaming,Jeux PC
31,image_529140_product_923202.jpg,PlayStation,Jeux PS2
32,image_1051593_product_1283013.jpg,PlayStation,Jeux PS2
33,image_13233030_product_1431728.jpg,Nintendo,Jeux GAMECUBE
34,image_110307330_product_1198135.jpg,PC Gaming,Jeux PC
35,image_234303430_product_6648556.jpg,Nintendo,Jeux SUPER FAMICOM
36,image_300917069_product_928105.jpg,PC Gaming,Jeux PC
37,image_301844443_product_5189935.jpg,Xbox,Jeux Xbox Classic
38,image_324151298_product_14034577.jpg,Nintendo,Jeux Game Boy Advance
39,image_381381976_product_49628162.jpg,Nintendo,Jeux Nintendo DS
40,image_558592269_product_53702264.jpg,PC Gaming,Jeux PC
41,image_564455330_product_49848465.jpg,Nintendo,Jeux Nintendo DS
42,image_712678422_product_1586816.jpg,PC Gaming,Jeux PC
43,image_845665195_product_74697205.jpg,PC Gaming,Jeux PC
44,image_847403454_product_76335437.jpg,PC Gaming,Jeux PC
45,image_871483952_product_115419768.jpg,PC Gaming,Jeux PC
46,image_874727855_product_99505596.jpg,PC Gaming,Jeux PC
47,image_891729120_product_138459015.jpg,PlayStation,Jeux PSP
48,image_932720118_product_80161913.jpg,PC Gaming,Jeux PC
49,image_933236801_product_190094193.jpg,PC Gaming,Jeux PC
50,image_933250107_product_190103590.jpg,Nintendo,Jeux Nintendo 3DS
51,image_933256367_product_190109245.jpg,PC Gaming,Jeux PC
52,image_933257401_product_190108311.jpg,PC Gaming,Jeux PC
53,image_946296632_product_75415120.jpg,Xbox,Jeux Xbox 360
54,image_956730229_product_223026420.jpg,PlayStation,Jeux PS2
55,image_958250965_product_227205580.jpg,Nintendo,Jeux Game Boy
56,image_973933517_product_251410352.jpg,PC Gaming,Jeux PC
57,image_1134618245_product_2287962051.jpg,PlayStation,Jeux PSVITA
58,image_1161168397_product_2733520304.jpg,Xbox,Jeux Xbox One
59,image_1117041866_product_1967323837.jpg,PlayStation,Jeux PS1
60,image_891835020_product_106117926.jpg,SEGA,Dreamcast
61,image_921306268_product_150373667.jpg,Nintendo,Jeux Nintendo 3DS
62,image_933241968_product_190098899.jpg,PC Gaming,Jeux PC
63,image_933251547_product_190106631.jpg,PlayStation,Jeux PS2
64,image_933254552_product_190108765.jpg,PC Gaming,Jeux PC
65,image_946296536_product_208372596.jpg,PC Gaming,Jeux PC
66,image_956267541_product_221358684.jpg,Xbox,Jeux Xbox 360
67,image_1315763371_product_4206711456.jpg,Xbox,Jeux Xbox 360
68,image_874538397_product_111096070.jpg,PC Gaming,Jeux PC
69,image_879099276_product_5925962.jpg,PC Gaming,Jeux PC
70,image_884496659_product_129809790.jpg,PlayStation,Jeux PS2
71,image_892682242_product_135141750.jpg,PC Gaming,Jeux PC
72,image_933235887_product_190093308.jpg,Nintendo,Jeux Nintendo Wii
73,image_933260225_product_190110715.jpg,PC Gaming,PC Mac
74,image_940318369_product_203667517.jpg,Nintendo,Jeux Nintendo DS
75,image_1039267141_product_646789701.jpg,PC Gaming,Jeux PC
76,image_9118030_product_1372815.jpg,PC Gaming,Jeux PC
77,image_901354743_product_146713508.jpg,SEGA,Saturn
78,image_908471550_product_152786580.jpg,PlayStation,Jeux PS2
79,image_933243692_product_190097879.jpg,PlayStation,Jeux PS3
80,image_933253491_product_190106341.jpg,Nintendo,Jeux Nintendo Wii
81,image_948064881_product_210707049.jpg,PC Gaming,Jeux PC
82,image_970911889_product_260458769.jpg,Nintendo,SNES
83,image_1100073842_product_1711735498.jpg,PC Gaming,Jeux PC
84,image_1100076297_product_1711730104.jpg,PC Gaming,Jeux PC
85,image_1235567047_product_3695632560.jpg,Nintendo,Jeux Game Boy
86,image_1236944545_product_3716248639.jpg,PC Gaming,Jeux PC
87,image_1100059921_product_1711736573.jpg,PC Gaming,Jeux PC
88,image_1100063685_product_1711736000.jpg,PC Gaming,Jeux PC
89,image_1119523636_product_2000192031.jpg,Réalité Virtuelle,Jeux VR PC
90,image_1049879107_product_957011147.jpg,PC Gaming,Jeux PC
91,image_1100066257_product_1711735869.jpg,PC Gaming,Jeux PC
92,image_1100066810_product_1711736554.jpg,PC Gaming,Jeux PC
93,image_1100070334_product_1711733251.jpg,PC Gaming,Jeux PC
94,image_1100076011_product_1711736387.jpg,PC Gaming,Jeux PC
95,image_1100076852_product_1711728854.jpg,PC Gaming,Jeux PC
96,image_1100077500_product_1711734807.jpg,PC Gaming,Jeux PC
97,image_1100081873_product_1711736649.jpg,PC Gaming,Jeux PC
98,image_1100083741_product_1711736282.jpg,Outlier,Autre categorie
99,image_1108738672_product_1878218172.jpg,PC Gaming,Jeux PC
100,image_1115683575_product_1949003999.jpg,PC Gaming,Jeux PC
101,image_1132925383_product_2237358098.jpg,PC Gaming,Jeux PC
102,image_1132983697_product_2240360489.jpg,Outlier,Autre categorie
103,image_1134177075_product_2275732341.jpg,PC Gaming,Jeux PC
104,image_1146981061_product_2527236596.jpg,PlayStation,Jeux PS3
105,image_1152030349_product_2596981190.jpg,PlayStation,Jeux PS3
106,image_1231976657_product_3656477301.jpg,PC Gaming,Jeux PC
107,image_1236934329_product_3716121060.jpg,Autre,Coffret
108,image_1236934931_product_3716121410.jpg,Xbox,Jeux Xbox 360
109,image_1240554261_product_3748316863.jpg,Autre,Combo
110,image_1247153473_product_3805769836.jpg,Nintendo,Jeux Nintendo Wii U
111,image_1268253920_product_1585204775.jpg,Autre,multi-plateformes
112,image_1301143063_product_4150865160.jpg,PlayStation,Jeux PS1
113,image_910951795_product_155227143.jpg,Autre,Combo
114,image_939405656_product_161987876.jpg,PlayStation,Jeux PS4
115,image_939983893_product_203224746.jpg,PlayStation,Jeux PS2
116,image_966604797_product_252504330.jpg,SEGA,Genesis
0,image_631246_product_984304.jpg,Nintendo,Jeux Game Boy Advance
1,image_1063831_product_1157144.jpg,SEGA,Master System
2,image_137609430_product_1906192.jpg,PC Gaming,Jeux PC
3,image_158554130_product_1288702.jpg,PlayStation,Jeux PS2
4,image_197401530_product_5913718.jpg,PlayStation,Jeux PS1
5,image_310317432_product_46565050.jpg,PlayStation,Jeux PS2
6,image_438012288_product_49843702.jpg,Nintendo,Jeux Nintendo DS
7,image_858194557_product_92413946.jpg,PC Gaming,Jeux PC
8,image_874538407_product_102313516.jpg,PC Gaming,Jeux PC
9,image_508685383_product_52348929.jpg,PC Gaming,Autres
10,image_933246596_product_190099934.jpg,Xbox,Jeux Xbox 360
11,image_875245740_product_120815258.jpg,Nintendo,Jeux Nintendo 3DS
12,image_890393093_product_112462775.jpg,PC Gaming,Jeux PC
13,image_891727419_product_138462291.jpg,Nintendo,Jeux Nintendo Wii
14,image_905597768_product_125837942.jpg,PC Gaming,Jeux PC
15,image_933254112_product_190107692.jpg,Nintendo,Jeux Nintendo DS
16,image_933255073_product_190107492.jpg,PlayStation,Jeux PSP
17,image_933257176_product_190108856.jpg,PC Gaming,Jeux PC
18,image_933260060_product_190110205.jpg,PC Gaming,Jeux PC
19,image_955659162_product_220267363.jpg,PlayStation,Jeux PS2
20,image_956350704_product_221607062.jpg,PC Gaming,Jeux PC
21,image_956684035_product_222848401.jpg,Xbox,Jeux Xbox 360
22,image_967021253_product_98083871.jpg,Nintendo,Jeux Nintendo Wii
23,image_972149655_product_56745793.jpg,PC Gaming,Jeux PC
24,image_972618604_product_2922078.jpg,Nintendo,Jeux Super Nintendo
25,image_1017747635_product_289544125.jpg,Nintendo,Jeux Game Boy
26,image_1030684872_product_602135429.jpg,PlayStation,Jeux PS4
27,image_1085432053_product_1503924395.jpg,PlayStation,Jeux PSVITA
28,image_1104042367_product_1683179868.jpg,PlayStation,Jeux PS3
29,image_891725531_product_138457897.jpg,Nintendo,Jeux Nintendo DS
30,image_23276830_product_1533426.jpg,Nintendo,Jeux Game Boy Advance
31,image_40504830_product_1788665.jpg,Nintendo,Jeux GAMECUBE
32,image_486903891_product_51173981.jpg,PC Gaming,Jeux PC
33,image_651743714_product_54844666.jpg,PC Gaming,Jeux PC
34,image_830635508_product_63004531.jpg,PC Gaming,Jeux PC
35,image_833130849_product_61985267.jpg,PC Gaming,Jeux PC
36,image_844644693_product_51529973.jpg,Nintendo,Jeux Nintendo DS
37,image_849076215_product_80378088.jpg,PC Gaming,Jeux PC
38,image_858567869_product_92021901.jpg,PlayStation,Jeux PS3
39,image_859921037_product_2923354.jpg,SEGA,GAME GEAR
40,image_874537596_product_107645092.jpg,PlayStation,Jeux PS3
41,image_874538150_product_102311725.jpg,PC Gaming,Jeux PC
42,image_891727975_product_138459513.jpg,PlayStation,Jeux PSP
43,image_892247180_product_139269024.jpg,PlayStation,Jeux PS3
44,image_901354345_product_146713592.jpg,SEGA,Saturn
45,image_921363344_product_168669058.jpg,Nintendo,Jeux Nintendo DS
46,image_933233976_product_190091431.jpg,Nintendo,Jeux Nintendo Wii
47,image_933234188_product_190091335.jpg,Nintendo,Jeux Nintendo Wii
48,image_933252862_product_190106248.jpg,PC Gaming,Jeux PC
49,image_1018013263_product_508622373.jpg,PC Gaming,Jeux PC
50,image_1027902744_product_577491837.jpg,Xbox,Jeux Xbox One
51,image_1203606331_product_3280203098.jpg,Nintendo,Jeux Nintendo Switch
52,image_1216045204_product_2843201888.jpg,PlayStation,Jeux PS4
53,image_1237629677_product_3693507395.jpg,Xbox,Jeux Xbox One
54,image_1240338732_product_3746808985.jpg,PlayStation,Jeux PS4
55,image_1241406561_product_3756592583.jpg,PlayStation,Jeux PS3
56,image_933266676_product_190122199.jpg,PC Gaming,Jeux PC
57,image_962974795_product_242239222.jpg,PC Gaming,Jeux PC
58,image_977139301_product_125001384.jpg,Xbox,Jeux Xbox Classic
59,image_1017050069_product_279038476.jpg,Nintendo,NES
60,image_1095254559_product_1187912485.jpg,PlayStation,Jeux PS2
61,image_137526430_product_3702692.jpg,Nintendo,Jeux Game Boy Advance
62,image_159111130_product_3116676.jpg,PlayStation,Jeux PS2
63,image_849082473_product_80378043.jpg,PC Gaming,Jeux PC
64,image_857341291_product_91154354.jpg,PlayStation,Jeux PS3
65,image_879338005_product_98121571.jpg,PC Gaming,Jeux PC
66,image_891723683_product_138457274.jpg,Nintendo,Jeux Nintendo DS
67,image_891743458_product_138469056.jpg,PlayStation,Jeux PS2
68,image_933243687_product_190099305.jpg,Nintendo,Jeux Nintendo DS
69,image_933247434_product_190101002.jpg,PlayStation,Jeux PSP
70,image_1043131773_product_142455913.jpg,Xbox,Jeux Xbox 360
71,image_1165669224_product_2806194979.jpg,Xbox,Jeux Xbox One
72,image_1167318682_product_2832777929.jpg,Arcade,Neo Geo
73,image_1193424347_product_3144085232.jpg,PlayStation,Jeux PS4
74,image_108128830_product_2924143.jpg,SEGA,Saturn
75,image_854179992_product_85757275.jpg,PC Gaming,Jeux PC
76,image_874538300_product_109422166.jpg,PlayStation,Jeux PS3
77,image_970911880_product_260458764.jpg,Nintendo,SNES
78,image_1107916129_product_3716249024.jpg,PC Gaming,Jeux PC
79,image_1139580082_product_2394819677.jpg,Nintendo,Jeux Nintendo Wii U
80,image_1193420048_product_3139412813.jpg,Outlier,Non pertinent
81,image_1194596318_product_3150129928.jpg,PC Gaming,Jeux PC
82,image_1241290050_product_3754982637.jpg,PC Gaming,Jeux PC
83,image_1100063096_product_1711731907.jpg,PC Gaming,Jeux PC
84,image_1100064358_product_1711734478.jpg,PC Gaming,Jeux PC
85,image_1043191722_product_848683457.jpg,PC Gaming,Jeux PC Mac
86,image_1095315120_product_1634746443.jpg,PC Gaming,Jeux PC
87,image_1098449903_product_1686387215.jpg,PC Gaming,Jeux PC
88,image_1099823981_product_1707592368.jpg,PC Gaming,Jeux PC
89,image_1100064781_product_1711735502.jpg,PC Gaming,Jeux PC
90,image_1100065667_product_1711736883.jpg,PC Gaming,Jeux PC
91,image_1100068014_product_1711731452.jpg,PC Gaming,Jeux PC
92,image_1100068291_product_1711728483.jpg,PC Gaming,Jeux PC
93,image_1100069905_product_1711734637.jpg,PC Gaming,Jeux PC
94,image_1100070665_product_1711735991.jpg,PC Gaming,Jeux PC
95,image_1100072901_product_1711735439.jpg,PC Gaming,Jeux PC
96,image_1100077219_product_1711735441.jpg,PC Gaming,Jeux PC
97,image_1100083336_product_1711736982.jpg,Outlier,Autre categorie
98,image_1100249651_product_488318872.jpg,PC Gaming,Jeux PC
99,image_1108738106_product_1878218325.jpg,PC Gaming,Jeux PC
100,image_1108738886_product_1878218223.jpg,PC Gaming,Jeux PC
101,image_1115503666_product_1945991657.jpg,PC Gaming,Jeux PC
102,image_1124838336_product_2085018125.jpg,PC Gaming,Jeux PC
103,image_1146884902_product_2525244384.jpg,PC Gaming,Jeux PC
104,image_1151578632_product_2585832925.jpg,PlayStation,Jeux PS1
105,image_1154827280_product_2644384305.jpg,PlayStation,Jeux PS2
106,image_1164819652_product_2795217657.jpg,PC Gaming,Jeux PC
107,image_1173138897_product_2923358903.jpg,Autre,multi-plateformes
108,image_1225404932_product_3589877929.jpg,PC Gaming,Jeux PC
109,image_1236934312_product_3716120826.jpg,Xbox,Jeux Xbox 360
110,image_1236934740_product_3716121080.jpg,Autre,Combo
111,image_1236934933_product_3716121412.jpg,Autre,Combo
112,image_1236935115_product_3716121633.jpg,PlayStation,Jeux PS3
113,image_1240985666_product_3751708036.jpg,PlayStation,Jeux PS2
114,image_1264105210_product_3923709336.jpg,Xbox,Jeux Xbox 360
115,image_1275879025_product_4009376995.jpg,Outlier,Autre categorie
116,image_167602430_product_1836281.jpg,Nintendo,Super Nintendo (SNES)
